name_circuit,Yarış,Galibiyet,Podyum,Puan,Ortalama_Pozisyon
Zeltweg,1,1,1,9.0,1.0
Circuit Mont-Tremblant,2,1,2,15.0,1.5
Fair Park,1,0,1,6.0,2.0
AVUS,1,1,3,19.0,2.0
Long Beach,8,3,7,51.0,2.125
Circuit de Pedralbes,2,1,2,17.0,2.3333333333333335
Ain Diab,1,0,2,10.0,2.5
Indianapolis Motor Speedway,9,6,13,113.0,2.6666666666666665
Nivelles-Baulers,2,0,1,9.0,3.0
Detroit Street Circuit,7,0,3,20.0,3.2
